lambda,sampleCount,mae,rmse,mae_x10000,rmse_x10000
1,24656,0.006110155789662475,0.010601669399120519,61.10155789662475,106.01669399120519
2,24656,0.006039559040275459,0.01049908769297851,60.39559040275459,104.9908769297851
3,24656,0.006010797254539385,0.010469199785573252,60.10797254539385,104.69199785573252
4,24656,0.005995917666632496,0.010463104319912491,59.95917666632496,104.63104319912492
5,24656,0.005987031882461234,0.010466840509234309,59.87031882461234,104.6684050923431
6,24656,0.0059813468756217455,0.010475090941504438,59.81346875621745,104.75090941504438
7,24656,0.005977630196115165,0.010485472348945911,59.77630196115165,104.85472348945912
8,24656,0.005975375217166571,0.010496803112463617,59.75375217166571,104.96803112463617
9,24656,0.0059739190888989345,0.010508458695092735,59.73919088898934,105.08458695092735
10,24656,0.005973038815515586,0.010520096301237156,59.73038815515586,105.20096301237156
11,24656,0.005972584126739564,0.010531524908013644,59.72584126739564,105.31524908013644
12,24656,0.005972514113280175,0.010542639125404625,59.72514113280175,105.42639125404625
13,24656,0.00597267953075953,0.010553383521722817,59.726795307595296,105.53383521722817
14,24656,0.005973079283599006,0.010563732479765655,59.730792835990066,105.63732479765655
15,24656,0.005973638715562776,0.010573678401734449,59.73638715562777,105.73678401734449
16,24656,0.005974238672717568,0.01058322460138387,59.74238672717568,105.8322460138387
17,24656,0.005974894027179598,0.01059238092396789,59.74894027179597,105.9238092396789
18,24656,0.005975595784045048,0.010601161001826925,59.75595784045048,106.01161001826925
19,24656,0.005976306777836907,0.01060958051545677,59.76306777836907,106.0958051545677
20,24656,0.005977074746467843,0.010617656085561844,59.77074746467843,106.17656085561843
21,24656,0.005977866161733582,0.010625404567808397,59.77866161733582,106.25404567808397
22,24656,0.005978729324581507,0.01063284260804603,59.78729324581507,106.3284260804603
23,24656,0.005979588900516782,0.01063998636770324,59.79588900516782,106.3998636770324
24,24656,0.00598044774200698,0.010646851361101644,59.8044774200698,106.46851361101643
25,24656,0.005981295332914371,0.010653452366592571,59.81295332914371,106.53452366592572
26,24656,0.005982116986821414,0.010659803386317208,59.821169868214135,106.59803386317208
27,24656,0.005982904073199153,0.01066591763777252,59.82904073199153,106.65917637772519
28,24656,0.005983681874561941,0.010671807565880152,59.83681874561941,106.71807565880152
29,24656,0.005984440408089072,0.010677484867930229,59.84440408089072,106.77484867930228
30,24656,0.00598519680775087,0.010682960526239377,59.851968077508694,106.82960526239377
31,24656,0.005985925973772823,0.010688244845040105,59.85925973772823,106.88244845040106
32,24656,0.00598664194306932,0.010693347489259082,59.8664194306932,106.93347489259082
33,24656,0.005987366533565275,0.0106982775236266,59.87366533565275,106.982775236266
34,24656,0.005988081559240667,0.010703043451100342,59.88081559240667,107.03043451100342
35,24656,0.005988771842633278,0.010707653249957235,59.887718426332775,107.07653249957235
36,24656,0.005989454553931861,0.010712114409163854,59.894545539318614,107.12114409163854
37,24656,0.0059901576274101,0.010716433961810995,59.901576274101,107.16433961810995
38,24656,0.005990843183129675,0.010720618516518753,59.908431831296745,107.20618516518752
39,24656,0.005991514989373042,0.010724674286798156,59.915149893730415,107.24674286798157
40,24656,0.005992179275097993,0.01072860711840787,59.92179275097993,107.2860711840787
41,24656,0.0059928406934280235,0.010732422514780179,59.92840693428023,107.32422514780178
42,24656,0.005993494986322349,0.010736125660609339,59.93494986322349,107.36125660609339
43,24656,0.005994130744908852,0.010739721443707294,59.94130744908852,107.39721443707293
44,24656,0.005994753880503492,0.010743214475237189,59.947538805034924,107.4321447523719
45,24656,0.005995374396680488,0.0107466091084345,59.953743966804886,107.466091084345
46,24656,0.005995978914901487,0.010749909455924632,59.95978914901487,107.49909455924632
47,24656,0.0059965653815610325,0.010753119405740938,59.965653815610324,107.53119405740938
48,24656,0.005997138787668314,0.010756242636141828,59.97138787668314,107.56242636141828
49,24656,0.005997702214095231,0.010759282629320752,59.97702214095231,107.59282629320752
50,24656,0.0059982489712634025,0.010762242684094831,59.98248971263403,107.62242684094831
